{
  "generated_at": "2026-03-17T08:11:23.240056",
  "total_revenue": 3385134.71,
  "total_orders": 3334,
  "avg_order_value": 1015.3373455308938,
  "total_customers": 968
}